{"cameraMode":{"drawMode":0,"name":"Shaded","section":"Shading Mode"},"sceneLighting":true,"audioPlay":false,"sceneViewState":{"m_AlwaysRefresh":false,"showFog":true,"showSkybox":true,"showFlares":true,"showImageEffects":true,"showParticleSystems":true,"showVisualEffectGraphs":true,"m_FxEnabled":true},"in2DMode":false,"pivot":{"x":1.1241607666015626,"y":-1.2995812892913819,"z":2.714726448059082},"rotation":{"x":0.27561327815055849,"y":0.02306351624429226,"z":-0.00661460543051362,"w":0.9609711766242981},"size":6.821260452270508,"orthographic":false}